INSERT INTO USERS (EMAIL, PASSWORD)
VALUES ('USUARIO1@GMAIL.COM', 'USUARIO1');

INSERT INTO USERS (EMAIL, PASSWORD)
VALUES ('USUARIO2@GMAIL.COM', 'USUARIO2');

INSERT INTO USERS (EMAIL, PASSWORD)
VALUES ('USUARIO3@GMAIL.COM', 'USUARIO3');

INSERT INTO USERS (EMAIL, PASSWORD)
VALUES ('USUARIO4@GMAIL.COM', 'USUARIO4');

INSERT INTO USERS (EMAIL, PASSWORD)
VALUES ('USUARIO5@GMAIL.COM', 'USUARIO5');

INSERT INTO USERS (EMAIL, PASSWORD)
VALUES ('USUARIO6@GMAIL.COM', 'USUARIO6');

INSERT INTO ALUNOS (NOME, CPF, RUA, NUMERO, BAIRRO, CIDADE, CEP, USERS_ID)
VALUES ('Usuário 4', '13853147902', 'Rua Aqui Perto', '120', 'Saudade', 'São Paulo', '12348640', 4);

INSERT INTO ALUNOS (NOME, CPF, RUA, NUMERO, BAIRRO, CIDADE, CEP, USERS_ID)
VALUES ('Usuário 5', '46208834791', 'Rua Tal', '233', 'Parque Anhanguera', 'Belo Horizonte', '15688720', 5);

INSERT INTO ALUNOS (NOME, CPF, RUA, NUMERO, BAIRRO, CIDADE, CEP, USERS_ID)
VALUES ('Usuário 6', '51532770914', 'Rua Jardim Sul', '77', 'Nova Aliança', 'Campinas', '16672495', 6);

INSERT INTO PROFESSOR (USERS, NOME)
VALUES ('1','USUARIO1');

INSERT INTO PROFESSOR (USERS, NOME)
VALUES ('2','USUARIO2');

INSERT INTO PROFESSOR (USERS, NOME)
VALUES ('3','USUARIO3');

INSERT INTO ACESSO (EMAIL, PASSWORD)
VALUES ('USUARIO1@GMAIL.COM', 'USUARIO1');

INSERT INTO ACESSO (EMAIL, PASSWORD)
VALUES ('USUARIO2@GMAIL.COM', 'USUARIO2');

INSERT INTO ACESSO (EMAIL, PASSWORD)
VALUES ('USUARIO3@GMAIL.COM', 'USUARIO3');

INSERT INTO CURSO (TURNO, ALUNOS)
VALUES ('MANHA','1');

INSERT INTO CURSO (TURNO, ALUNOS)
VALUES ('TARDE','2');

INSERT INTO CURSO (TURNO, ALUNOS)
VALUES ('NOITE','3');

INSERT INTO TURMA (ALUNO, CURSO)
VALUES ('1', '1');

INSERT INTO TURMA (ALUNO, CURSO)
VALUES ('2', '2');

INSERT INTO TURMA (ALUNO, CURSO)
VALUES ('3', '3');

INSERT INTO DISCIPLINA (NOME, PROFESSOR) 
VALUES ('MATEMATICA', '1');

INSERT INTO DISCIPLINA (NOME, PROFESSOR) 
VALUES ('PORTUGUES', '2');

INSERT INTO DISCIPLINA (NOME, PROFESSOR) 
VALUES ('BIOLOGIA', '3');

INSERT INTO CURSO_DISCIPLINA (DISCIPLINA, CURSO)
VALUES ('1','1');

INSERT INTO CURSO_DISCIPLINA (DISCIPLINA, CURSO)
VALUES ('2','2');

INSERT INTO CURSO_DISCIPLINA (DISCIPLINA, CURSO)
VALUES ('3','3');

INSERT INTO PROF_DISCIPLINA (PROFESSOR, DISCIPLINA)
VALUES ('1', '1');

INSERT INTO PROF_DISCIPLINA (PROFESSOR, DISCIPLINA)
VALUES ('2', '2');

INSERT INTO PROF_DISCIPLINA (PROFESSOR, DISCIPLINA)
VALUES ('3', '3');

INSERT INTO PROF_TURMA (PROFESSOR, TURMA)
VALUES ('1','1');

INSERT INTO PROF_TURMA (PROFESSOR, TURMA)
VALUES ('2','2');

INSERT INTO PROF_TURMA (PROFESSOR, TURMA)
VALUES ('3','3');